,null,https://ebay.com/itm/123456?itmmeta=012DEW30YG0MEEKND7NH&hash=item123546:g:acwAA9KNiJowH:sc:ShippingMethodStandard!95008!US!-1&itmprp=enc%3AbgepL1tlUHjMGCVfSTGJh%2BzsVKeJ3CQk7NizDI4BZeppuFnmyS6Ijyp8lh%2FnEw%2BWqO7uTV1Q6izE1R0T54aV8j71F4xlWfVcGft4%2FiOQhtqVXA1rW6M1atPARQRmhqUxtEPJKhKtSFgI%2Bvwlzb0GwVCtkp%3ABlBMUObkmabpYw;;
;;
,null,https://ebay.com/itm/123456?itmmeta=012DEW30YG0MEEKND7NH&hash=item123546:g:acwAA9KNiJowH:sc:ShippingMethodStandard!95008!US!-1&itmprp=enc%3AbgepL1tlUHjMGCVfSTGJh%2BzsVKeJ3CQk7NizDI4BZeppuFnmyS6Ijyp8lh%2FnEw%2BWqO7uTV1Q6izE1R0T54aV8j71F4xlWfVcGft4%2FiOQhtqVXA1rW6M1atPARQRmhqUxtEPJKhKtSFgI%2Bvwlzb0GwVCtkp%3ABlBMUObkmabpYw;;
;;
Rel√≥gio masculino autom√°tico Jacob & Co. cron√≥grafo a√ßo inoxid√°vel mostrador esfreg√£o 40 mm ACM.11;R$ 10¬†679,67;https://www.ebay.com/itm/167307086644?_skw=relogio&hash=item26f4478b34:g:yRsAAeSw7~Nn2DYE&itmprp=enc%3AAQAKAAAA4FkggFvd1GGDu0w3yXCmi1cXR9quHJf5buxmKSu4VkyPwQpTk8oTQuzbAvO6x3I0a7awUqWtdDkn2u2%2B2--ipf1h%2Fo3oJC4ulnfZPTl0y%2FSxpxS3FQ5YuQAoe3AcE2hr0YVQpaq29qTQ8oMGWq8cX9WsvJsf0eWwpGuZfYugZPhIsYU1K9PsgN6WRB09woRDwp40b3OYcGjo9dm8I%2FNzL3MVkVX5Ary93HRnTUIYS7i%2FW4riqpoJH6bqRbOMhJuuYwdeq%2BeVYnT1WdOh0KBDdbq9%2F2a8FVjHvxKvtGfOFAZP%7Ctkp%3ABFBM2veUwbVl
;;
"Rel√≥gio de quartzo Gulf Edition novo em folha, cron√≥grafo,""R$ 3¬†972,91"",https://www.ebay.com/itm/197041820221?_skw=relogio&hash=item2de09b923d:g:9twAAOSw2i1nZDZJ&itmprp=enc%3AAQAKAAAA4FkggFvd1GGDu0w3yXCmi1dVm%2Fycixt3CYrQqDYZJ4npIet2U2wYslqTD1oJiyZLo8WcNkmLCvC1bQAC5hb5ZUUPpvu9200%2BgwTAPv3jem4VeavjTz90e98xSlQHtDPmRySqLcE1xGPdQMBc2bFHy1BTlOMVFKDeniuYpG%2FVtoKbBrLVWatZG%2BcXCIrNC6OW9mlztcBJlfdvjxidoFXKOSTtVSRPR0mahAZppbQiS%2BRBmUBnjRicTrRdF5oDZ5VGsF0oDXgovUwihNGVNlZkLLXK4FhGDbYRIdqcoab3OovD%7Ctkp%3ABFBM2veUwbVl";;
;;
"Vintage SEIKO 'Great Kanagawa Wave' 6309 Movimento Autom√°tico Rel√≥gio Fabricado no Jap√£o.,""R$ 709,89"",https://www.ebay.com/itm/405618941317?_skw=relogio&hash=item5e70c5dd85:g:Bl8AAeSwZydnxRCB&itmprp=enc%3AAQAKAAAAwFkggFvd1GGDu0w3yXCmi1cX33P7tcTTdOaB62qP8xJtcE%2F7sMcE8Lt9zCS1K%2BHhXfk8mpF6GgfHK8%2FGFU4BrKPhWfY%2BEruO%2F7DKP%2B2FYANyapYADzghbtGavpycCopqphFrjXs5VWH0MMfPySjPrrSaGg9Hd4cnu52ipoXt2LhpEhTjUUwESKcHMMvaPzW0Z3FoL8VMeTcT5d%2F9Fjv%2FJCpNFptYrftrS4xwiDHiaB532qLJRBtjuwOzrOenRUkOhw%3D%3D%7Ctkp%3ABk9SR9r3lMG1ZQ";;
;;
"Hot Swatch x Omega Bioceramic Moonswatch rel√≥gio miss√£o √† lua - com caixa,""R$ 399,10"",https://www.ebay.com/itm/316512983358?_skw=relogio&hash=item49b1a4d93e:g:8FgAAOSwFeZnypZh&itmprp=enc%3AAQAKAAAAwFkggFvd1GGDu0w3yXCmi1cJ0Z0Fh2Pg22La4E%2Bn0BCEb%2FDR4Zi6kvN5ddR0QFondReU6EAyZYwxEyEj3bDWdmsM4GmRWG9hMjayUrTkKMP4yxg%2B10Cawk2ly2AFRalO4B4WB7%2FCAFjTSv1ab1jBmf%2BTq%2FzTYxtWE4ECsd4dEAittyHCtgDYxn%2B9f6TKSfimISm4UfWAc8JCJSN7Es3GG7zTbGLwZX%2BfSuPNNuerbbL6QVefKk42TIJP6xt%2FPdqlkA%3D%3D%7Ctkp%3ABk9SR9r3lMG1ZQ";;
;;
"Rel√≥gio de pulso masculino Seiko autom√°tico mostrador textura azul celeste 17 joias Jap√£o,""R$ 738,88"",https://www.ebay.com/itm/146399365114?_skw=relogio&hash=item22161507fa:g:hukAAOSwImJntILv&itmprp=enc%3AAQAKAAAA4FkggFvd1GGDu0w3yXCmi1c6qhXXNtuBFXqqZe3dUdjrUCPMOL2iIC--fTSbEfzN1f80mCI81H7e3cD8poHAW5FoDvvd3JKESnR0KmRURen1Qf7aalkKmSjX7Ty2MRfn5YBORgP0bgE86gTrYmg00%2FELCCGMaDBrk09MaUsdvA3wAJoF8xBkRzLliMDsz7cTsgzRrXpiLt1ZdVcm8H7RCT2UwoPEA7DjLpscBgvwvhCymAWxm5HRQcfP6CRCCtBQchFMweQYsmoI%2FCpIl1WlqN%2ByMRo%2FxvvW%2BPfrP9cvoOjJ%7Ctkp%3ABk9SR9r3lMG1ZQ";;
;;
"Rel√≥gio de pulso masculino empresarial a√ßo inoxid√°vel quartzo imperme√°vel luminoso com data,""R$ 107,93"",https://www.ebay.com/itm/176474095421?_skw=relogio&hash=item2916acff3d:g:Pe0AAOSwya5m875e&itmprp=enc%3AAQAKAAAAwFkggFvd1GGDu0w3yXCmi1dd1Fo6smDCKowTNPUcln68DyTnuzvv4wniMxHiBDvdMsRLPApD5yKToBXDxF%2FC5Y7axZ4ljzHcwIFT1gwm%2BYfmZxS5nkb3T1a4YqH%2B6Ulo9mSJbNhjq1CeogyWTmXioKWUTrI6H2FIMhH33MpOLOzpgcpdNtAgKYU1BfPx0Ku%2Fd%2B5F5v8j%2BQfLMfsFz2KLWgrjG5V3thVSf1R1Sp2N0yx4JMZELRu%2Fn6f7SdJicJIL8w%3D%3D%7Ctkp%3ABk9SR9r3lMG1ZQ";;
;;
"(GRAND SEIKO) GS REL√ìGIO MASCULINO MOVIMENTO AUTOM√ÅTICO BRANCO NH35A NOVO,""R$ 1¬†699,43"",https://www.ebay.com/itm/396329609964?_skw=relogio&hash=item5c4715eaec:g:YS4AAOSwHX9nP662&itmprp=enc%3AAQAKAAAAwFkggFvd1GGDu0w3yXCmi1dzp%2F77wlwmXHE5TMdadZaCKQmARDKArTphN6SDGdRnjBWLs3nJc%2BMszJlUscGmUWygsJEQvtTDugRhEIcMkn8U7a%2BVvHLASt5OeJ2ONC8WvNUQg%2BWfm5GchJZtgSwnDj77trrWgYoLy5%2FsrcVh512utmX51d7jBGI9XSvg3CUM7hCKHCvHdHEkMXw664ybUDnxR%2BNV%2F03xmPIqC95MrmZRWTZasC8F%2FAkxyQ5nPwr%2BrQ%3D%3D%7Ctkp%3ABk9SR9r3lMG1ZQ";;
;;
"Rel√≥gio masculino Shinola The Runwell 41 mm mostrador verde pulseira de couro argonita 1069,""R$ 909,39"",https://www.ebay.com/itm/356666239416?_skw=relogio&epid=1130997205&hash=item530af6e9b8:g:1F0AAOSwFohnkf~u&itmprp=enc%3AAQAKAAAAwFkggFvd1GGDu0w3yXCmi1eYdklbNmD42JyJXGnY%2FtUQ5f5j%2FqcOHgBfv3WkfxyUH92rpV0sYzdegfpNIrbbOGYTq0rbUURWwTfESKCnRoqGw9dl%2BFR89rNOAynsZ4y2X5c1RYlay1HP0HeM1nhaYabyIcb4%2BuOltdjVG1LeR6lRY2WuVK2Xp6Ma0QWWs%2Bg5a3xdaVgLJhfuv%2BGl1X1Z0LwLqCxk5%2Fm8ucP3UlE8Fyn4URvt0qDuZK4%2BmQ9MLp26TQ%3D%3D%7Ctkp%3ABk9SR9r3lMG1ZQ";;
;;
"*ICED OUT* Rel√≥gio Cartier Santos 41mm CZ diamantes,""R$ 1¬†420,93"",https://www.ebay.com/itm/286417961380?_skw=relogio&epid=15051634486&hash=item42afd741a4:g:xccAAeSwXwZn03aO&itmprp=enc%3AAQAKAAAAwFkggFvd1GGDu0w3yXCmi1dB2dJtcplCrRZ9DUMaH%2B%2F3n6m%2Fz2uhoaIcq5SLWcZOCr3IVIw4aHISPthp22zqjEtklYC8O5dhiYRHAG8KsJUnTPhcoDJ%2FhomrvNCiABiuvHO8VgaSWDHfk9SjuGgEqoAHZM3KVW8P7b4YStTJnjiTQFf5HCtq07d5No0sBCcqs7tftRk3k05noj1MbIAApV7JnnKKK9rmF8TSsfOLfoUHtL6Q4yTV7Bda3J8%2BAeycdw%3D%3D%7Ctkp%3ABk9SR9r3lMG1ZQ";;
;;
"Conjunto de 10 NOVOS Rel√≥gios Masculinos CLOSEOUT OVERSTOCK CLEARANCE DEAL Lote de Rel√≥gios Masculinos IPHON 3,""R$ 227,29"",https://www.ebay.com/itm/226539481794?_skw=relogio&hash=item34bece2ac2:g:uYgAAOSw1SVngtbX&itmprp=enc%3AAQAKAAAA4FkggFvd1GGDu0w3yXCmi1e%2Bxng5hAS9E8t%2FBVUxBzIMVU40m1IU1v1XqKmxc7cxGjdzWc%2FvL8UGoWIQR96qejgxqjxVjUN2BBv4m%2FgL0Hv6%2B9j6dUgO7czOzA15shD1I9Y0JQWLceDVuTjFcO3ZTNpdX81OjP4ZdF%2B2Y10mQSk76J3oDPPeltn1Gbchw31tr8AMtN5b%2FeA495OLNdQSohkbdASL6K8bu6MtMb1yoGVLpXjjOOdw1nGTu3AoOzUC0wIlZ1BNPfgYblxiFC%2BFuNs5Edz4FQyiiHOQHOFk%2Be%2Bd%7Ctkp%3ABk9SR9r3lMG1ZQ";;
;;
"Cron√≥grafo masculino Citizen Blue Angels Eco-Drive World - Elegante rel√≥gio de luxo,""R$ 141,41"",https://www.ebay.com/itm/405662183883?_skw=relogio&hash=item5e7359b1cb:g:sngAAOSwh~Rn1neE&itmprp=enc%3AAQAKAAAAwFkggFvd1GGDu0w3yXCmi1eegV9sjtl7JCV6VwsE%2BsTXuKt6KR7WfFW3qEVm7w2M2pbH7WOEj0Kesf2YWCLCHlMFSqNVr23dxQmUnHklaMifhGak8mD4mT%2B3pa61A6%2BsQS%2FfMXkenY098XS46kvn%2BVT2FwHSQWv4t3tjrc7HbSSUuDoSI34dHEcFuyNtaamj%2B6HcsdFgdjYCLtx6Arrl4jDzjiDqXd5%2B7SV6FDgWvfc2XQwKWnLbsGoYRiywN1DL1A%3D%3D%7Ctkp%3ABk9SR9r3lMG1ZQ";;
;;
"Rel√≥gio de quartzo masculino de luxo √† prova d'√°gua data luminosa cron√≥grafo pulseira de couro presente,""R$ 158,58"",https://www.ebay.com/itm/286369663096?_skw=relogio&hash=item42acf64878:g:Xp8AAOSw6mtnwcCT&itmprp=enc%3AAQAKAAAAwFkggFvd1GGDu0w3yXCmi1dluG2IRughZBtlA3WddxB6Tn%2BGiCLEMml%2BJbIzzFwQt3yfjBQNnMpSzMXNaaQRGDHXA1g9vlz1LvN%2Fum2gL%2Brn%2FLUDDcEmrTgZ1UbQO6CMXFPH3f%2BhJXrU61iApJdj8wnWwWIqjMwK1yMcMBV9%2FDmAeBsE1%2FJCVe1qaboAe8jvuLUAvuwn8Ucplm3QahBs4jAcfv8Kd094XpPTyC0lModrjx7L30EOBd2qFffP65gnYA%3D%3D%7Ctkp%3ABk9SR9z3lMG1ZQ";;
;;
"Rel√≥gio Invicta masculino PRO DIVER CRON√ìGRAFO DE MERGULHO ouro azul prata mostrador pulseira branca,""R$ 636,06"",https://www.ebay.com/itm/394082805647?_skw=relogio&epid=2049409928&hash=item5bc12a678f:g:PYUAAOSwPNJih7o1&itmprp=enc%3AAQAKAAAA4FkggFvd1GGDu0w3yXCmi1doYNcKCb684f37r2emvEpVSFk7oBydsQ2D2mLY0NaOP9vsTfdM93wQbiMSvDFgSxsBNYKmSrA7gHx9NOLIbvNL0biPazF4pTE0EbfNfVCf6YdF3eetJy32gV2iW9IzD3DTOCVSgU%2BCiLnQxv7FKzZzfCbuVUcO5kNkLjpB7DAzjbM%2Bh60aHCBDltVwEhRrAQSxPvnu%2FoM%2BG5WLfthO2M1fbtzXvN5IwmP92qLJOTvEfHLah%2BjwfdpUhiPmCNyCfNI%2BwTMztrkMnU7HQ%2FksKMbe%7Ctkp%3ABFBM3PeUwbVl";;
;;
"Omega X Swatch Mission To The Moonphase Snoopy Branco Raro Limitado * Mostrador Azul,""R$ 1¬†278,83"",https://www.ebay.com/itm/156805758122?_skw=relogio&hash=item248259fcaa:g:hy0AAOSwTuFn2IQz&itmprp=enc%3AAQAKAAAA4FkggFvd1GGDu0w3yXCmi1dt0kyC0SYdCXI%2BG2asmzLijGmbU6SViigQ7n8Smb5%2Bb%2BP5JYxPputNhysHeh0EpTjpurbJ8ASjl0nOh0FYyNErPaPvmU26ojQTPe1bkrRz95zUYKsAeMG2oZtvRTIpqnVWNzcHvPYQuTrfXrBc09UQTjaJ9cdT3fh0Tiwut3yGouBeGnGVUaYvoEuYzEvgQU5dPMwJ2BpFjfaia27Wf9x02rZp7VzjlN3XN5QUSC3UxXFRYDqDXsVqUnEW7z0%2BMDmRcoolMEl8dp%2Fl8ouhkceI%7Ctkp%3ABFBM3PeUwbVl";;
;;
"BIOCERAMIC MOONSWATCH,""R$ 713,89"",https://www.ebay.com/itm/256845613112?_skw=relogio&hash=item3bcd310838:g:XvAAAOSwfAdnyxdQ&itmprp=enc%3AAQAKAAAA4FkggFvd1GGDu0w3yXCmi1eFA8keM6tGgds78EAmRQgYtEPkGWK3KbsVyi8BFpsPE%2Bd8esbLijtY2YxLkaoO22Qz0o3BNQrwhM3spWkEbEHvvZRnjgCB4s5x2jB%2F4ZU%2BXl9h0IKJ3vnNE7pfrHDrA4UzQuM6qGLsgwb30DzGNJIx9ZwPbMUFX8nK9FQ314Nr3ife7uRpR6L3XzB7D8IjIrPszwWOcwFB2WzEBdceOrAUn7%2BfhrRHPLYrCRg17iNcOOknybf8382KTJkl3ipeFvROSf15KlBtW6GkIsyzqqma%7Ctkp%3ABFBM3PeUwbVl";;
;;
"Rel√≥gio Cartier Panthere.Ladies 33 mm,""R$ 5¬†683,70"",https://www.ebay.com/itm/126987015096?_skw=relogio&hash=item1d910413b8:g:Ww4AAOSwVJFnx-d7&itmprp=enc%3AAQAKAAAA4FkggFvd1GGDu0w3yXCmi1fVxYRMU5HKNAr9fJL4z6BTkVM32rjzIEjX63Unh0pjueCp5%2BHfCMm1T%2F3kuexWguppUXA%2F%2BHYPhkrHVB6ZFfco2xQ--mS209NP1n0evpzTv4YAg9Nz%2FWXedGERS%2BnUGD2Vl6F7tUCorvQjmVHCkwpiK8%2Ba5IaxMzUfaJDDIpaOlWyW5GnJBvWuCpJMr7HfGxSkCYuNcSOIpzkbeCVj60I%2B9MaztqVtbiAga1ZTVb3geu4TInXVe%2BeM7DZ%2BFHJ9kp7CVcpWtjGhZrPSpqoMJNCL%7Ctkp%3ABFBM3PeUwbVl";;
;;
"Rel√≥gio masculino Sandoz mergulhador tamanho completo data calend√°rio autom√°tico mostrador preto 25 joias,""R$ 142,09"",https://www.ebay.com/itm/388110945869?_skw=relogio&hash=item5a5d370e4d:g:wTQAAOSwphJnzYBy&itmprp=enc%3AAQAKAAAA4FkggFvd1GGDu0w3yXCmi1dz0t5qPmtsZ6FUEG1HzjnCTLxCv5XMmAOBWLRoZkEnba1NDOPMklhJ6wqkmtefnbAMkB2AQWP7k6kQ9JXMqjmePX4BL%2BA0tcqLgOc2g9f3Kdl%2FPo48H%2Ff7bQ5yYMmsp1EkEICuzPPz1wWC0D6OY%2Bxrj9oqysPdTr1Htn8JrytiwoNnpMl28fbaih%2Bs8BPwYehpf1bg0%2BwA3FAruLkUIZo96fm2woctfrc7qBxP0Gl%2FVmnH7U04JBbfJchn%2Bopa6Pzi23IKWD5G8uKDoIT5K9Id%7Ctkp%3ABk9SR9z3lMG1ZQ";;
;;
"Rel√≥gio de quartzo Jacob and Co Astronom√≠a masculino luxo diamante solar Montre Homme,""R$ 1¬†165,16"",https://www.ebay.com/itm/396220965123?_skw=relogio&hash=item5c409c2103:g:xbwAAOSwQQxns-ya&itmprp=enc%3AAQAKAAAA4FkggFvd1GGDu0w3yXCmi1dsFP4BrYgXKAP5MiPpM3DogDGBJxkLQiInUDn%2Bkr6KB5%2BFoZPvheHXtF%2FM6XLw1%2BLzrQRHXv1v5xXnVxCJq%2FKokSiIISqh01ieF10a8D9SveGZvbYEgD7KlZLv0inRw1LeEtK%2FBGXEsGZCCSV8JmWfX2ns7cMKk2rdWoWJ7alnZh04MsGvKZkhKtwrHPQMpDxy3d76JP%2FhAOBdpapNpYkzYB8%2BlEiDBICj6UVyOs4HIBGoyK5%2BpuHBJ1brYJQ9jF4W6f6FJgfX5ndj7TnyULKg%7Ctkp%3ABk9SR9z3lMG1ZQ";;
;;
"Rel√≥gio de pulso masculino ex√©rcito militar luminoso mostrador 24 horas pulseira de n√°ilon data quartzo,""R$ 62,46"",https://www.ebay.com/itm/185301145489?_skw=relogio&hash=item2b24cf1791:g:CVQAAOSwZmViD0On&itmprp=enc%3AAQAKAAAAwFkggFvd1GGDu0w3yXCmi1eaYHEbVewWpBEFAF85%2FagGuoFcrs9V9QD0l%2FAekeypGOJChtbtvRbMbZzHU5EM9Yl%2FqTYel12zgfUV3M1BgPWzTNySr8fG9h7di7Ih0Wxdk%2FAr4XCgxGjT2WogrCilIbhyKMN5lnokZ3AZCy3a8qI9mc6%2Bhmg1cneS4DE8g473YEk4s5kUGh1%2Fmawn9iz4ja6h1BX9SQOGSEl4MW4I02wQhyVJpzH0Ib4u4Q1vdzDTYw%3D%3D%7Ctkp%3ABk9SR9z3lMG1ZQ";;
;;
"Novo Rel√≥gio Swatch x Omega Bioceramic Moonswatch Miss√£o √† Lua - Com Caixa,""R$ 397,80"",https://www.ebay.com/itm/388068708835?_skw=relogio&hash=item5a5ab291e3:g:vK4AAOSw9YVn0P6f&itmprp=enc%3AAQAKAAAA4FkggFvd1GGDu0w3yXCmi1e5ygYWi060lR5X41vWI4tL4xhdAl3zuOctJeWAdzOXzBrTM%2BOxyqaC1zS8vrmYcvBtGufdZqtSmIbko9FbFQA8Aggf6dFSzAWSbLrFi8irw0Kd9qFzbKEP0iP9UzoEZkPWMwLDkgsVdOlLa51dojvdmcuhIIU%2F9Z8ccC%2FyRJJbrpVnQHuXDxXvp8ZVqdSQdF%2Fupf8VmL22E96jebKp9ekgTj3%2Fljo7VC7j8Uo7oaJWe5ypnwImZhHEj21IDyuoY8lUc2j%2BiN0LSmB0WYzmDd9w%7Ctkp%3ABk9SR9z3lMG1ZQ";;
;;
"Rel√≥gio Hamilton Whitman Vintage - Ouro 10K Quadrado Art Deco Dourado,""R$ 1¬†420,87"",https://www.ebay.com/itm/127001252501?_skw=relogio&hash=item1d91dd5295:g:jLkAAOSwvhNn2Q54&itmprp=enc%3AAQAKAAAA4FkggFvd1GGDu0w3yXCmi1cMTJ6Sig5RWwchS6SJQiNS3VSq390he%2F98xKT8cn2OX1AFguyWroBgyEhmuNX%2Busomu3T3TXWLmqbovMPzQyHgQHu16jxFJ09lxXi0NXUX8I2kIYdDZcuy3AHw9kK2QQ3By97ZUhtjTw%2Bw92tWrzzXA7sby6z13BXXLwxWOfAZv6CDYS%2F0u45eHKXBf%2B%2FWMCr3Iu7E0Xlv8%2BM68e%2BuNMagWvNog7wHcHspNiHzg3enBGKK0zRGiFVCUDogXNnIJzHUv9UHaNu1AIZnBzPMXZIh%7Ctkp%3ABFBMsvmUwbVl";;
;;
"Rel√≥gio masculino Citizen BN0150-28E Promaster mergulhador - Preto NOVO EM FOLHA E 100% GENU√çNO,""R$ 1¬†136,06"",https://www.ebay.com/itm/116409373601?_skw=relogio&epid=14030520654&hash=item1b1a8a13a1:g:NZsAAOSwTGlnKStk&itmprp=enc%3AAQAKAAAA4FkggFvd1GGDu0w3yXCmi1d%2BDLTrz1xmxGrfIQYTFXfiF2wTVqjejcMFalcHpSy3oiM8zFdoxG4KXqKO%2FJAojwoacm6ulPFPwIRcYxYMefsUon%2FnpPGIzhTEL3GsGQKcMDIabNDLu0wp133QV2ECXszZ0hEOTiMkDh8VjtMhRHDmtv6jwrldtpSJtaFiqvFCRM4UhBz6oOg0s1L6DFFl%2B9YUjW7OANlyhZfKnGya5lHd2I0K1%2BsudscbgjrAnIEqUMwYYxPBBxR2TnB3gRw%2BSsbCRAoNCzSinDSYmXPYW7pI%7Ctkp%3ABFBMsvmUwbVl";;
;;
"SEIKO Rel√≥gio Metr√¥nomo Cole√ß√£o CASUAL & STANDARD LINE 10 Cores Quartzo Novo,""R$ 1¬†079,90"",https://www.ebay.com/itm/225630093850?_skw=relogio&hash=item34889a021a:g:iKAAAOSwfflkkmq8&itmprp=enc%3AAQAKAAAA4FkggFvd1GGDu0w3yXCmi1ddqCz8lFTrDXp9zzx8GpIsL9Dk%2FurXE4m4Rdpi%2FVUh%2BVBdpgJmJ%2FelgvrVAGnPHQFWOqYOApRYiv1iuu%2FrSXcAf2KMMrYHMiqJnjouPUKdmgyv%2BfidUDkwLnKLAnZHb59Pr7LdUI%2BLWp8qmOs6r6taNH7h6BchuJGHXjmnRdZt3JRahqbs7tr0USAPJoK7n1RnqasQH1702hCElfBbNozsrDJi%2BE%2Frl7dWKksqdUhpEqTpmDNy5sb2H0vqVD38jCMZpmWkWwavUfQ8bfNkzUJ8%7Ctkp%3ABFBMsvmUwbVl";;
;;
"Rel√≥gio de mergulho autom√°tico Citizen Promaster masculino - NY0040-09E NOVO,""R$ 1¬†051,43"",https://www.ebay.com/itm/393679436750?_skw=relogio&epid=96853254&hash=item5ba91f7bce:g:jtcAAOSwGwJhhW9M&itmprp=enc%3AAQAKAAAA4FkggFvd1GGDu0w3yXCmi1dyt5AZBVVolZ7LlL2c6w%2FtWusfiEjYbsXQx0dHDAN6xDVerGiUYevJCqwzqrjoSxRIr6CxeUI8PpACNbQAMHisqj4gVeAO2I%2FxTIBKdKpAInz0CqrZUS46BePLBHOWBsnOi0x9FJ%2FV7k1ZTi%2B2xUMR780cJZSerQEWF0%2BHMdkY7KB8aZ0Lit%2BuRR5xFC6JnYaC7fmDlHPQorl6E3Voj4NDs6TQ0%2BQmvNGiiVGjvGgdgV7c8SZ9%2FNLX9rwwDS1zAKJHomzEpk9%2BMCcfeU4St9nG%7Ctkp%3ABFBMsvmUwbVl";;
;;
"RARO Rel√≥gio de Pulso Masculino de Couro Quartzo Vintage Tanque Fino Imaculado Se√≠ko,""R$ 434,75"",https://www.ebay.com/itm/396305889720?_skw=relogio&hash=item5c45abf9b8:g:nc0AAOSwmTBnz2N~&itmprp=enc%3AAQAKAAAA4FkggFvd1GGDu0w3yXCmi1dbUSPDqHajmeaSOrxEKk86bmefRDXo5bIvAj07FEwtQ1IbZI3txjqN7Cy7AjZwCnP%2BbeYFA0J3J8z2B%2FS3NG5T9PMFKxNR2er%2Blg7Sx0xisvp%2Fc7NhfS16tx3SVw3fC2N0bIejpFy9WGNWv038k1GgvyFCgm1u5X7HOyLm68M2YO%2BU64K4jUX5%2FABP%2Bw3kkmJLztdfiUD%2Big5wuxIXu4c2Eo8R9oYlSKE5z2gxZ6MYbRHxGOg5WaTSW2fncjkOGcUZUqVodM3ZM1M%2BGdu%2F9qi6%7Ctkp%3ABFBMsvmUwbVl";;
;;
"‚≠êRel√≥gio Gucci G-Timeless 38MM unissex YA126461‚≠ê,""R$ 3¬†618,22"",https://www.ebay.com/itm/196520799657?_skw=relogio&epid=2255472935&hash=item2dc18d6da9:g:Q9sAAOSwfItmoVGI&itmprp=enc%3AAQAKAAAA4FkggFvd1GGDu0w3yXCmi1ceu4seNF5IJ4FEGoWuZPHk2O8qaMIo72IIEqA7Vba4yC32Yri4BTR%2BfIZOC7RS5T5rFULeC4rr0YlVjhBUGAIVm76wH2FyD3WhQdQaP4WeafxXXpibRHngr%2Bnf9AUuxwtbL42vQzoTvR%2BCZgY76n7J0bqMqcctAJUj0PDh8SWEcQGBhC7jp%2FNnMjxbINEMQSSKGgB7BGpUrNwn3KTJ6NOur9Y%2FfwBibLTbPMPTrdByN5%2BzXEzpRPiFJKLC%2BjluzM3P8%2BM9MpeH%2FDshj71R3HSG%7Ctkp%3ABFBMsvmUwbVl";;
;;
"1950 OLMA REL√ìGIO MASCULINO DATA TRIPLA MANUAL 32MM pulseira de couro FUNCIONAMENTO RARO,""R$ 24,16"",https://www.ebay.com/itm/267193338509?_skw=relogio&hash=item3e35f6ca8d:g:fpEAAOSwrlJn0BA7&itmprp=enc%3AAQAKAAAA4FkggFvd1GGDu0w3yXCmi1dUHs%2BNeNMCPjAPYGoT8mc2MQY3xtcgghg8s%2FFtQ9vyJjnVfCy0%2B%2BbTm0%2F2bO9vGUSUg5L4FQQPewGqM90OsnoQgrX6mfpMaBALAJWHuRs2Jw8fl0KjN9VkdqJRyC%2BwkHnIzcuMRVX%2Fwt2ErQHJaO2MscWl0y32wQAvXDFmdKt%2FXDm%2Bcf5fLlURot1iVpW%2BKFO7iDed2LdzZstFpwqWIBBpHs%2Fg1lx1IxgSTnU9jdWuIPAX0SwkwBSEZ4vqioO2%2BStCZVjjpB0%2FDQCajChAgXNH%7Ctkp%3ABk9SR9z3lMG1ZQ";;
;;
"Rel√≥gio de quartzo masculino de luxo Gucci Dive YA136301A a√ßo inoxid√°vel mostrador preto,""R$ 1¬†107,64"",https://www.ebay.com/itm/396325440247?_skw=relogio&hash=item5c46d64af7:g:GjMAAOSw5FZnxZoG&itmprp=enc%3AAQAKAAAA4FkggFvd1GGDu0w3yXCmi1clH5mVqR%2BfEEyXhkjVCWDQnlq%2B9%2F4E%2BBhllSCvE%2BIuGmCehyJVdA458cFRYWeESQE1Kf2PkcQAaJvta9WixxFeW5V7GAC4dDeto3Nx1VxozSfqm8S4ByrdqVZvXMgHc6kRzO0flKc%2FGRvXbkbXqQElzUbisIJDfgRX90zB81w0GFHEHLVcqRXADBpv%2FnS3qoPSbwZvuTUFvF8yF1FmQSn3X%2F4wOUi3J7auh7%2Fz27rMnrcsUl5i09Ah7xDQd2LMP9V24hp8sr2k2RnE5sFilrun%7Ctkp%3ABk9SR9z3lMG1ZQ";;
;;
"üî•RARO Or√¨s AM044 Vintage Rel√≥gio Su√≠√ßo Masculino de Vento Manual LINDO,""R$ 767,24"",https://www.ebay.com/itm/267124480036?_skw=relogio&hash=item3e31dc1824:g:xKEAAOSwpw1ngJez&itmprp=enc%3AAQAKAAAAwFkggFvd1GGDu0w3yXCmi1ca1j964fdnvn5m1AbDfyeG3mvHmr5zbY0ulOUZIHxcyFHeZXHaNuZGJBmjYj5q%2FM37jXZOwCLmz7NZsgyDv0fRP1mP4YQttuF7rDULuLhsfP8tEygxqJKQdGFx%2BOjLDaAGhubPtqtHl2QZC6t5cVk5F%2BnFUrFxS96khzjpAvdDfECv2sY%2FLySKHFG4ueFQSWM1AvnEyixGlDWK9hGDqwA24mYGCTIZmDOrDC6R1uRyfg%3D%3D%7Ctkp%3ABk9SR9z3lMG1ZQ";;
;;
"Conjunto de 10 NOVOS Rel√≥gios Masculinos CLOSEOUT OVERSTOCK CLEARANCE DEAL lote Rel√≥gio Masculino WWZZ,""R$ 227,29"",https://www.ebay.com/itm/226258448425?_skw=relogio&hash=item34ae0df029:g:hi0AAOSwgT1nWIfw&itmprp=enc%3AAQAKAAAA4FkggFvd1GGDu0w3yXCmi1dbvsN5eTiDE1psmVUEbHmEUipqLhDaiUbbmtH5%2FAVqiZFuqfc70GiNA1EYmLoCUN4BdMNzhkVOwhpKd1rMuv%2FuEl5O1FtRk2P1h5DKxOWLuPGg9aMnp85bADjz%2B9ZifMFqJwkBr3inxZmna5oW7EnttWFeE9G%2F54M%2F7uOu%2FiGMPWosc%2F146tYT1PHV2143F6R8ptdw5q1F0MmwfNiISF%2BVg1FSM59iGh5pCF0BvjBb4F3%2BKMTanTf46%2F0rXwqSI2z%2FWqRZ6eSFShkegsN7a3fa%7Ctkp%3ABk9SR9z3lMG1ZQ";;
;;
"Seiko rel√≥gio masculino cron√≥grafo quartzo mostrador preto - SSB379P1 NOVO,""R$ 693,35"",https://www.ebay.com/itm/286176902052?_skw=relogio&epid=19043780922&hash=item42a178fba4:g:M6IAAOSwCpVnQH2S&itmprp=enc%3AAQAKAAAA4FkggFvd1GGDu0w3yXCmi1epu3X1fr9pV%2BrxX5YGmliyze%2BNkonLPZZC1WFbQ%2FBYquXp6IgJoKLWXVBVFvZbT0M5uXE94pc7Ed5vcijNvuRsw%2BXtlWSIrM9rLgl4cjZncxtKZmITypuXqvw3lTEwjEPITDHmciJFO5zKiGTpew0V%2BTHY90O7l%2Ff6CufdJ22tAxvCGXk01sY5SeQjLcZJfHtH6ndV0NqUaQX1%2F8bZ%2FhOaWmH11PLNTiMxZGD1fk52TSDQTrEyIcZfSESG0FX5HMpXx1MqrPnVmu76SRfiBWv4%7Ctkp%3ABk9SR9z3lMG1ZQ";;
;;
"Novo em folha Seiko 5 mergulhadores autom√°ticos esportes GMT SSK029K1 rel√≥gio mostrador azul gelo 42 mm,""R$ 1¬†699,43"",https://www.ebay.com/itm/196890210089?_skw=relogio&hash=item2dd7922f29:g:7bQAAOSw5G9nWrWQ&itmprp=enc%3AAQAKAAAA4FkggFvd1GGDu0w3yXCmi1fK0dBeToevhzwZGgqvODcOoh0AsqVYqFcAZC5MPK2Zi%2FTHwYQVsXfn9tHBxEzUZcr6LdW3wKcfgEiM47miHjPkgrGVAVVcfGW7R9NvvuzX1FEsgMHwz0bjBEvFL7dqZZiCv44R7JvcVwpHSBYetewjoBnkMXGk2FthK6m52kAOy7IR%2Bm46EoyiY0RqCaOEzzSyHb6F6EPMkLK%2FTylAjFSIzRR6zbhMfKFJpCYu0E6XwStctWOiktPdNjve%2FvN6vY5joXZ7cRSe0BnwZSKylhCQ%7Ctkp%3ABk9SR9z3lMG1ZQ";;
;;
"Rel√≥gio de mergulho masculino Casio Duro 200 MDV106G-1AV MDV-106G-1A,""R$ 382,23"",https://www.ebay.com/itm/146090629491?_skw=relogio&epid=5037232433&hash=item2203ae1973:g:mlsAAeSwnnBnopK2&itmprp=enc%3AAQAKAAAAwFkggFvd1GGDu0w3yXCmi1d9gtOlGkqh9G2%2F%2Bdmk%2F8K9PrU0PqhDbG%2B1bPl9Lik0u1pj2qh5O%2B0hTPdfXQ4cR4QGdkxkhVvFt3zU3daMsqlExPsTSlHeaIXEgjVtwO%2BxxfX649Tm4WeDlqnpGYPCYV%2FXvganaDEVgfVtje7aOkE1muJK1yZuG0y0VpCZgfStTmryGmfN1Rj0zlyG%2BxdNAIpAVJuSucIIaEW0pfvhXMiVaVKkKY%2B4LtehLRs9ZWUuXw%3D%3D%7Ctkp%3ABk9SR9z3lMG1ZQ";;
;;
"Rel√≥gio de m√£o tipo Oakley masculino 43 mm design de l√¢mina de serra mostrador azul vibrante quartzo,""R$ 426,28"",https://www.ebay.com/itm/356674866972?_skw=relogio&hash=item530b7a8f1c:g:phoAAOSwS55nwxMP&itmprp=enc%3AAQAKAAAA4FkggFvd1GGDu0w3yXCmi1f2ILkvb3zijYMvlBGft00f8qEiwzNBBCouxdG1rcuzKlHWq8cw9W1UXWhg5i9i1m5T1vxC3NPCvx%2BG3TSSWyKrXV5CfjGP4NbYbUPNxC4Cl71PXqDRSLjEmHWsZCyf35L1QvP9izpsdah4oC6IIqFbsYQ8qV4iOHYHmqh41jRWJ4%2BEjHhFQYkQcNXzBmKVVP2%2BiDcU%2Ft5c0QWpkqJklXOEj7Xk2gxtKv3A0AIQd4pnIL2Oia3y0IrNP%2BPyhOLH3Yd5vk1F7cC7P%2FWoJyk4gsFP%7Ctkp%3ABk9SR9z3lMG1ZQ";;
;;
"Rel√≥gio mec√¢nico autom√°tico masculino movimento ponte esqueleto prata couro azul,""R$ 732,91"",https://www.ebay.com/itm/193477706436?_skw=relogio&hash=item2d0c2b82c4:g:YQcAAOSwkINgVRyW&itmprp=enc%3AAQAKAAAA4FkggFvd1GGDu0w3yXCmi1dMdbU93Zh4w6O7cBHa%2BCJ59iKTNUywA3jmTlzRbgs3ZMDczUrrvVe7mk3tX4HbIp4tntkhCSIUgs2UwoLZSTEVwqvmbl9SK9a1ahkbmQvWvrkYFeEAAGd87utXFWG8f72nqeMEY6d%2F7%2FGox%2BbTJHWoPqE7yCqAori5MO44BZR%2BDvxGUizjRufNq8OlMPe61SIE2Ei5epvzUnTiF%2BjtWrF8f47dGWnHVfv5t10UUefGyqxDnfTRd6XlVooHfI1JNSQRdeSy25TS7hyx9Lp7P%2F4m%7Ctkp%3ABFBM3PeUwbVl";;
;;
"VINTAGE MERGULHADOR TRESSA COLE√á√ÉO SU√ç√áA MERGULHADOR AUTOM√ÅTICO 25 JOIAS 35 MM DI√ÇMETRO D,""R$ 3¬†353,38"",https://www.ebay.com/itm/256856357682?_skw=relogio&hash=item3bcdd4fb32:g:wPAAAOSw9XBn0dB9&itmprp=enc%3AAQAKAAAA4FkggFvd1GGDu0w3yXCmi1deTVXCWqORT56x3pKtulB3Ya%2FD04f0jGGnoN2u7bw6rFcRHxBtYTUoj%2BOXmL8v29OkAAAX5Xu%2Bg5Yz0dDYhet0qR13Ulr5JoyOtdP3rax23I1Bmh6A6W6rTQCJmVMgjRzhqS703SdSZUrSwzhk3JIHXKcKTL85oRtPNpp09dE410%2FVTNHeNqQnGzmaMX59DZ1zN%2FUXvQvrox68TZNLYB8sZLQTCRU0WjcGr57ms6bhWidlO91lfkLTHlvw28EAtF%2Fy%2FkWf4TvjRB0ROKRjVAWp%7Ctkp%3ABFBM3PeUwbVl";;
;;
"Rel√≥gio mec√¢nico manual ponte esqueleto prata masculino - Pulseira de couro preto,""R$ 789,75"",https://www.ebay.com/itm/193287227915?_skw=relogio&hash=item2d00d10a0b:g:tboAAOSwuidfALMw&itmprp=enc%3AAQAKAAAA4FkggFvd1GGDu0w3yXCmi1eZeGCxJ5%2BvDBd125K8vSdEqfhPk5a9X4R3YGxTQsEyzx%2FWN7lEkWSFEupNvsSlYXo0zflLGyxSZmNLF6hTwQHe7rBiBJ34hVzCGv4QX41nzGLt2HKZIJfIQvAgfIWsis1PLxy9MRG0VEcJpmsh2gBRUOFf7vg%2FiNxoTfFIMUodspxp%2FyOnNBeUYohQ5lCDssEm9QCQJbypwY0Phgk3KXQTqtRr%2BR1cdlwx4G4BZi265y4nF2h6TBFMKMehYJE012DHFDtWicuvnKUoCg7RrGSs%7Ctkp%3ABFBM3PeUwbVl";;
;;
"Corgeut 42mm Mostrador Branco Ouro Ros√© Fase Da Lua Rel√≥gio Masculino Autom√°tico Multifun√ß√£o,""R$ 458,96"",https://www.ebay.com/itm/133450710299?_skw=relogio&hash=item1f12483d1b:g:phMAAOSwopNe-Gic&itmprp=enc%3AAQAKAAAA4FkggFvd1GGDu0w3yXCmi1fVue9HeOey5T%2BlroCVQeEPFSnC8HPKjV%2FPQF%2FsXn6wzixS9cmfYJt5sms6y9WKkovhqYZXGz%2FUpe9Ktx2RpsBTM6rM1mhc2soCFyQLG2iBgds0syur2YNNkdUfVS%2BsmVDPeXZDk1LFY83dR0I5YnPJlE6JQ2jV4kzIqaW93%2FoYnungOmnkydD2e1oTypqecxN2PPM6e%2FCJN0YkepzH1DnvKThx2hC1ruVK%2Fj%2By1fAqIUWlZXBocIimVoZc59egGHhBkxunD1DyOnGvhyaAa3%2BO%7Ctkp%3ABFBM3PeUwbVl";;
;;
"Rel√≥gio masculino Citizen BN0150-28E Promaster mergulhador - Preto NOVO EM FOLHA E 100% GENU√çNO,""R$ 1¬†136,06"",https://www.ebay.com/itm/116409373601?_skw=relogio&epid=14030520654&hash=item1b1a8a13a1:g:NZsAAOSwTGlnKStk&itmprp=enc%3AAQAKAAAA4FkggFvd1GGDu0w3yXCmi1cNOJoa1bHc6Sj4Ufoq4SlRTWZs3o01rY0dT8svT0IBTHMPIv7N%2B%2F9iov2Xjd1ArAu%2FAz%2FSUgkR0CiXFElL0x2rodD0rkEf3ZHekap7dixXdAsPAPYM%2BlZ88ZJTSjVJ0JmJVtv69wZOod6mVlbDxbT%2Bj5lncDyEMyScy%2FU7UTa%2FUAER2Z2jmSvHjYT%2FUjd2NFDKMog%2F0pj3%2BJvTX3xGVu7ed9PeSzuOuzuaKp9eaIaSJ0npbLcGsUbKduJ1SDztV%2Fek7rnHBJIIwPUwR9gTOB04%7Ctkp%3ABk9SR9z3lMG1ZQ";;
;;
"Rel√≥gio de pulso masculino √† prova d'√°gua quartzo luminoso rel√≥gio de data a√ßo inoxid√°vel,""R$ 102,25"",https://www.ebay.com/itm/176733527142?_skw=relogio&hash=item2926239c66:g:cIgAAOSwH0JnXAN0&itmprp=enc%3AAQAKAAAAwFkggFvd1GGDu0w3yXCmi1ddq%2B9pcWqNaz06sYNXncJm2fmauPRdBSEOlp1Cx511d0H7G7pGM4nsjV1LbqGnOj0RRWbN0L5kHn5kS69r%2FqSxDdRZyGXspb8FBsoc5yXMPdWCY%2Bu3sfXmsnaGesp29XW9IQFY7B%2BsAPwPGrODhaGxEgFRR2YD9i4c%2FeNmkxOK6EZyMD84L2Mn1AjA2TVSkfoM4IrQKKk9Q33ZHa1IMwVos7Y2%2Bmznos4dLLf6S0bATw%3D%3D%7Ctkp%3ABk9SR973lMG1ZQ";;
;;
"Bulova 96A246 rel√≥gio masculino cl√°ssico hack mostrador marfim autom√°tico pulseira de couro preto,""R$ 1¬†000,33"",https://www.ebay.com/itm/146197323834?_skw=relogio&epid=18042844620&hash=item220a0a203a:g:3HwAAOSwr8RnOBeE&itmprp=enc%3AAQAKAAAA4FkggFvd1GGDu0w3yXCmi1fYVBx553y%2F29mFQTA3WaQh3FW3TCUBE1OCYhX5x8ejNz78n8NBuK7ZYG7Mbo3xljtovC51jwNWv%2FsCG635GYZ4u2Zs%2Bpomw4WJR5mlmeYQixiOMm1HN6tZH2iUk%2Bqls0IHxbZ1%2FAlJoXdx8Ux3c07Kp654CvcRJkxSvkqTV70%2BfwDLryE7dojPz5iiHL8l8Cya1rSEv8I5BcZeO8WkhzVZJXTakmdUzbNo%2FwLyAcXFKHat4XtbJtSip9mBsjx1y4dK%2BajugFXzAsXPkYtRdXLZ%7Ctkp%3ABk9SR973lMG1ZQ";;
;;
"Rel√≥gio masculino Luminox mostrador azul redondo quartzo preto pulseira de borracha de silicone 0323,""R$ 710,41"",https://www.ebay.com/itm/235227209642?_skw=relogio&epid=15009087082&hash=item36c4a25faa:g:UCEAAOSw8zpnpj0z&itmprp=enc%3AAQAKAAAAwFkggFvd1GGDu0w3yXCmi1dBp9BDJtWCCSctsF70UZpC9TmPchpFrYMeb2wkuf8zfJxoJtOYizOZ55fJTAI9qJvJtLCJ%2BvgFfCX3cYtr1dti6ndtm%2Bc4qGZB3K3IseusPkm%2Bs5OZyec7KTww3JtY619IjUPmSc4yLXO41ki0W8azb6EzPkKciBoy0rwCC50WTsaDOs7rDwncuRii%2B1De36bPxMI%2B7wip8TIcttG61VRbRe%2Bqgm63I%2BdcA%2BiJthMiOg%3D%3D%7Ctkp%3ABk9SR973lMG1ZQ";;
;;
"Rel√≥gio masculino Casio G-Shock pulseira de resina preta antimagn√©tico Ana-Digital GA100-1A1,""R$ 414,85"",https://www.ebay.com/itm/232526790671?_skw=relogio&epid=7048902862&hash=item3623ad400f:g:Cr4AAOSwgAtnolcj&itmprp=enc%3AAQAKAAAAwFkggFvd1GGDu0w3yXCmi1fGFhPVEaDHCNQb4ymlSo3uVdWKRxSe69j0THaQpx4PhIvKQ%2FHF%2BOv1teQDENpJIXDzdE1FTNN5iBGXXQ3XqG1inAkbO5SI3jhXrKjmIhRMmpA40FQANbEVsC0LarPObifoH4L7P6naCLldYTPLi0BqtJiPlHZlttQo8YVY6k76f8h8WEAJmBKPqJXKK9OMuZYRLjiRJ9oL%2FQG79UCVDXj01GRPZPBCja8L0SEbu6kKvg%3D%3D%7Ctkp%3ABk9SR973lMG1ZQ";;
;;
"Novo Citizen CA4554-84H Rel√≥gio Cron√≥grafo Masculino Eco-Drive - Design Branco/Prata,""R$ 220,53"",https://www.ebay.com/itm/365296846124?_skw=relogio&hash=item550d63852c:g:94sAAOSwsednZQJs&itmprp=enc%3AAQAKAAAA4FkggFvd1GGDu0w3yXCmi1et3vWvW3lUUqUnmfRGeLUtx3Di5FUk5MaDfdiJtcr6RRousntkJ7YRlOuk4kinD87h9FULsMnWrwS%2FFOjVc1P04Q06sdgZ4ZPvEPTnwbeIy18fK5TZnGkVtjmBdY8nTosroOOtE2gLfzXmi5vT2MchFb5MgPa8vfLyKvotDU%2FbmkHojjzVf1aUeB7zTjyQR4Nx%2BjgG8cWnJjKNTsRCz%2B2ELNY6rJ9ZGCDGc6ufT%2BHJmt%2Bzow91d1dTyOwnnlh8oxmkCPmWoGf6oU%2BInqjV7Zjz%7Ctkp%3ABk9SR973lMG1ZQ";;
;;
"Rel√≥gio mec√¢nico sovi√©tico Ma√ß√¥nico - Pobeda d√©cada de 1980, azul vintage,""R$ 811,63"",https://www.ebay.com/itm/145796106719?_skw=relogio&hash=item21f22009df:g:JW0AAOSw~4FmUeJ5&itmprp=enc%3AAQAKAAAA4FkggFvd1GGDu0w3yXCmi1cRecB8OCHS%2FnHcHi82%2B5myxfUa3uCy5nN0CBAYdsq6Es79gS14qERXG6O3mGiNMlKRRMrwDau2dcfSCmz%2FVk6M9Spz1HXRXVP2nqF5rkUeRT02sgIEkayrOVdkNXIKHF1ca1xsKj%2FVzcq9gOfESyi9hP%2BjS4j%2FH7%2Fo0fxql%2BuyCrBVUKTKVgaqe%2FpkuJ2zUa57IBWj5Jg4LUV%2FPLYZjAn7rHDbV7p%2B9MoCf3nDUNm5k%2BX%2FrB14L4on8uJIvUZcUAAE9zG6gbE0ZK6XWpXHA8Th%7Ctkp%3ABFBM3veUwbVl";;
;;
"*Estado perfeito* NOVO ESTOQUE ANTIGO 1991 Casio VQ-11 m√≥dulo 731 rel√≥gio anal√≥gico-digital multicolorido,""R$ 392,18"",https://www.ebay.com/itm/276956109802?_skw=relogio&epid=8044241810&hash=item407bdedbea:g:ZucAAOSwEzdnu04p&itmprp=enc%3AAQAKAAAA4FkggFvd1GGDu0w3yXCmi1eDcnGDyu1BEgl6HY%2BE681cz19mzK5Q7y9odcPR6v616uKtKtDLLZAc6ZbM382fnyxz%2ByN%2BYNlyDfdEd03OG3AUFv%2BqGd5HCTH5K8tO8J9e7ur2fz3XiwXrBp%2FCqg5P30OugRqOzF6BE%2FKttXd9aN1KxHrgd6nxSWq8dl3pUEYOlDemGPlcZ7qrfBbztnVqha6ZZBXlTcLaHJIdxUjPeP004uuUN%2BvsBp%2FExsedad7L2XS6UyW5SyZI2Vl2Ch848xO6tT%2Fp1kLcg30iKwO8R8Og%7Ctkp%3ABFBM3veUwbVl";;
;;
"Rel√≥gio de pulso masculino de metal personalizado Caterpillar,""R$ 183,07"",https://www.ebay.com/itm/196905083906?_skw=relogio&hash=item2dd8752402:g:s4gAAOSw5AhnZrBu&itmprp=enc%3AAQAKAAAAwFkggFvd1GGDu0w3yXCmi1dOiQcjEPLX509LA%2FRiHhr1fJW%2BFS6QHnRPLRAwVsRrTGj6GZ1RNmIozkECeaqlG8danL2GU7uVnN0578jZZZaq3naKOZtmolRY%2FO%2FOWS%2F2PiAtjwewJXE5dzyXYRWmqPQUHqzEJ%2F9a3sCCZbBnZIGaPZCxXqOQkjmF9I0S2LKz%2FnnKWUmHRlKdpTloFX49N5VSBdPOvIhWR1%2BI5hdPG9pAAYvO%2F7jTkD%2F7WdjZfwhF4w%3D%3D%7Ctkp%3ABk9SR973lMG1ZQ";;
;;
"Calend√°rio de rel√≥gio masculino, cron√¥metro - Casio A100WE-7BEF,""R$ 99,69"",https://www.ebay.com/itm/365459908288?_skw=relogio&epid=25053634614&hash=item55171ba6c0:g:Aa4AAOSwJQJnxxPx&itmprp=enc%3AAQAKAAAA4FkggFvd1GGDu0w3yXCmi1eY7VDqo%2BCta%2FRMB9wQKI%2FqTPBqu%2FIMbAhVARw5j4WPvhlLcssOKpmC%2BRgwm2%2FqGsYL0fB5yMOypDJK4BoI%2FrMeaENBX5kvr2XIX1PLcl3t1lNs4SoCHvdPYi19rEvdvs6bURqazM3iNhvBlM4gi%2B%2BMvJ8qmdt2%2BWCOtpmMEG7LW7LNA%2Fe8q5bL0o2EahouufP7zzsPtntYTvIYMz9mam9VSOCX9jFJBWeRz9vVTVHAXRxazwX69IEKvq4sIkd%2BgQKVyNmGKZ2uvkG43bKAQg3e%7Ctkp%3ABk9SR973lMG1ZQ";;
;;
"Rel√≥gio HOT Swatch x Omega Moon Swatch Mission To Mercury - NOVO com caixa,""R$ 775,27"",https://www.ebay.com/itm/356618224643?_skw=relogio&hash=item53081a4403:g:r1wAAOSwOWlnrpzM&itmprp=enc%3AAQAKAAAAwFkggFvd1GGDu0w3yXCmi1erllvHNw2zyiQ6x%2BT2oxbHQLRNcyp7y917ZpL0nZcHNlKODOo5YnrCVppGdQkW0kz9d7Qhmc835s8TksRJxrd0F6aumGCCYJyDq9MtsMmHvV4mvFM7WmGrUPrZnXP2pXdqYlbIGROczebPX4iVStO9KOfwUI6vAm8jURSflQ%2FQ2UebtN4Ryl67SmiOCDcKMrEJ0%2BiboVtiiwbyl%2BNVegFvySwrSBSpSapVXEE2FKLJ7A%3D%3D%7Ctkp%3ABk9SR973lMG1ZQ";;
;;
"25ct MOISSANITE rel√≥gio presidencial masculino hip hop gelado passa testador de diamante ‚úÖ,""R$ 5¬†681,94"",https://www.ebay.com/itm/156789869144?_skw=relogio&hash=item2481678a58:g:7Y4AAOSwy95n0hQE&itmprp=enc%3AAQAKAAAAwFkggFvd1GGDu0w3yXCmi1c02jkE36ONSHk2oDGWMLc6GSh5DE9RK7a1ikHxT0206imPWhQe6euMIKKLp6p983QY1nrv0E4YMHtl54JQezD09580DMOpO7twgGHOb1vMLnIeqMdna%2Fd2rxk6FSVO3d6Uyg4btZMbJ%2BuxX%2FyFOv%2FaL2GKhmEqWnqJjxyQRaWTBK3C61fbIahgX4OxiOo2G%2Flu%2F7zPZSOhKfPG9Kty3KlK1350b6mR6VZU5kDygf%2BXFA%3D%3D%7Ctkp%3ABk9SR973lMG1ZQ";;
;;
"Casio Vintage Prata Azul Turquesa Rel√≥gio Cl√°ssico Anal√≥gico-Digital AQ-230A-2A2,""R$ 170,45"",https://www.ebay.com/itm/296942044785?_skw=relogio&epid=2336187276&hash=item4523200671:g:tLUAAOSwmANnhSoQ&itmprp=enc%3AAQAKAAAA4FkggFvd1GGDu0w3yXCmi1fObZSOqAV4U%2FGeWHDUb1bHFI69YaOPkLff%2F4T71H5u3Q9HKZ8fyxRB5E65rB87Sb236PbyDnL8dD2vEFNkR%2BNvm5a808HzBnwieZmAwq1dBRpU5I6DljzHvsy4upLMmSOEcVU6DnxJhIi4IWj9kD%2FUEXEEiNSq9u8B7zArh3ypFZlpuii52MYlERfkHkyvW94EjFD8cv0XRpqD%2BnKo2B5nM4ksNeTzrMlZoW0USYni5w3kn7ZJ5I9R7PeFSsp9aXygPoaNP%2FaEXABcnl2fF%2B2h%7Ctkp%3ABk9SR973lMG1ZQ";;
;;
"Novo Rel√≥gio Masculino Citizen Cron√≥grafo Eco-drive Mostrador Branco QUENTE,""R$ 151,96"",https://www.ebay.com/itm/396059002126?_skw=relogio&hash=item5c36f4c50e:g:dIMAAOSwMTJm~l1a&itmprp=enc%3AAQAKAAAA4FkggFvd1GGDu0w3yXCmi1cOCwAUPlrvJbr%2FzQeXXvxDaQIzLm5p3WD7PuRQdJVeXdfJCpm1zPR6ELryXCS7QlYUwixZm3d56fwY8V7d9kPyd1buGtJuI%2B7Migxn%2BGKHPNkLz5wj0N0eN9ZXCCv5UONBnEmLpz5YMs6UuIxF59XqYLtSrRUt7jAtqmNK4y6k6oQUgJ0YUBcaZb70ib61GQ9ITXZCbKKH6k9aRL7%2FjMHrx1hOeqnovx7fzyUOB3H3ctCO6mQImwE7i%2FRMVDKDBChdS595Ug%2BRKjw6iDQbCZR5%7Ctkp%3ABk9SR973lMG1ZQ";;
;;
"Lorier Astra | Mostrador Branco, Novo Cristal!,""R$ 2¬†387,15"",https://www.ebay.com/itm/187051921884?_skw=relogio&hash=item2b8d29d1dc:g:cmAAAOSwxt1nxfvt&itmprp=enc%3AAQAKAAAAwFkggFvd1GGDu0w3yXCmi1cK5QGsKZEivnCEp1II0%2FBuhSKpYQ8p9I%2BFTzMb%2FvbA47odo0aMuYd1l4gXMI1IUCr1ZhqNxgfNs4Hb6XA66xjWQVsgwnmggmbcDgoQlDz9VVLRs32fdfH8iku%2Bv3UIf0ikmOjsvQWFu2qzQ%2F92qMafPpNUfWegoeeoS9KKhaclxVIfvlO6eA%2FUhZLJz9aKMmNYjvhhhPEaVJl5qMYmbkceLOOMNN0ZndtE7xrIzlnCTQ%3D%3D%7Ctkp%3ABk9SR973lMG1ZQ";;
;;
"Rel√≥gio digital √† prova d'√°gua rel√≥gio infantil para crian√ßas meninos meninas rel√≥gio de pulso LED novo.,""R$ 5,63"",https://www.ebay.com/itm/335803245827?_skw=relogio&hash=item4e2f6ee503:g:384AAOSwYgJm86Lo&itmprp=enc%3AAQAKAAAA4FkggFvd1GGDu0w3yXCmi1cJXdOtoF96Lk5AZFPJaX7WcE2%2FF1Ob3kkHVnonZdLVTVGZoi0sYDUG3gjWdH%2FE20med9rAKSdrXiiTs1zv%2BeMmO5L0LcCjsLSSTtcEx328Aex%2FRnmHelJ7epCU1yh8UhMWIr36A%2BknDLnujc%2BeT%2FTPaQZa40oh5z%2F4ODnWO%2FoCGgVhnAcNa1H5jWTw7K7Sy07K1DNEm5sJiJt%2FOTUpQyRK7qpmPonNiJPmFwOF8uY8QqHEIeJw%2FJhlhaR5bnQWxp3UIn3fjjyD78LKxJIbpXjV%7Ctkp%3ABk9SR973lMG1ZQ";;
;;
"Rel√≥gio de couro mostrador solar b√∫ssola bronze couro ouro antigo brilho incomum Reino Unido,""R$ 102,36"",https://www.ebay.com/itm/134358778541?_skw=relogio&hash=item1f486842ad:g:KxMAAOSw55Vjk1rY&itmprp=enc%3AAQAKAAAAwFkggFvd1GGDu0w3yXCmi1foNtr0ZWHhKW3EQxV6K0UvsR%2BSRNAHPFUeLn%2BtmmGhNhq9xzWWcMeypZSDwoX694nptaR3qFlrnZMJBfxHm6wxjmSzz3KNIUogru70n59%2Fr%2BSsn8oqMUAko43APIIwLLMRWOluTVkIrpEk5y4JMlpJoi5WnzXCSkC8tJYCJ9B7eBYhbDqWIO65T%2FoiHvQg4ZRN%2Fr2WQPh5d86qW%2FlrcygBlwkVTTPc7nlnPlEKUSboFg%3D%3D%7Ctkp%3ABk9SR973lMG1ZQ";;
;;
"rel√≥gio masculino Rolex 6694 oysterdate precis√£o,""R$ 1¬†136,74"",https://www.ebay.com/itm/267193436610?_skw=relogio&epid=3063320676&hash=item3e35f849c2:g:3E8AAeSwk81n2huh&itmprp=enc%3AAQAKAAAAwFkggFvd1GGDu0w3yXCmi1fvDZvEzqfrEsEGDZbTT1bSwSPx%2Fh69hfaRVNGsKNSk8hgyOtXOLuKgfDq8CzxDVfFKZOMEae31wspnO3b9swqazpuzmN1rPIGeTse9YxfRheND9uIxL4R6CFN%2F6xoTlsX3%2BD6yzSlqEcE3JNLUASGPjaLlF7dHFB0PdGMR6%2BX4vNGbxwJe6DQuu9VzO%2F90JpZdyUh6HXRG0HS0ENsZZmpAkLip9YW1mvWvV24D47T%2BHA%3D%3D%7Ctkp%3ABk9SR973lMG1ZQ";;
;;
"Rel√≥gio mec√¢nico raro poljot KAMASUTRA 23 joias preto fino cl√°ssico,""R$ 790,03"",https://www.ebay.com/itm/196986162211?_skw=relogio&hash=item2ddd4a4c23:g:6f0AAOSw1bRnnn1z&itmprp=enc%3AAQAKAAAA4FkggFvd1GGDu0w3yXCmi1feXQtP6%2B7XGjbnXajkKb503ffvIWNE2I5Sm8mDJN3QviShLHD%2BecT5GBlCOczfxknoMSn2ZT0IiNou17l88tzyS8l8xW6lzCAVO8s0hDzvRXQSgGRqA6FtKejWeQXciJaWtssF%2BgoJdLHhAEz6h4UzTnLp2NZGFGIBjmWUJWN5k4%2BNg2OFqIQr5uuE20XUI4030SRWoX5CnVeb0YDPKPEhNgmeo8apPGHfv7X0Ctpf5QYTEKy3UMcuzMeSQEh11NmRQdzQizh34FUx%2BB0amd3E%7Ctkp%3ABk9SR973lMG1ZQ";;
;;
"Seiko rel√≥gio masculino cron√≥grafo quartzo mostrador champanhe - SSB383P1 NOVO,""R$ 710,41"",https://www.ebay.com/itm/235841201828?_skw=relogio&epid=9055494513&hash=item36e93b26a4:g:j5UAAOSwHWhnQH4D&itmprp=enc%3AAQAKAAAA4FkggFvd1GGDu0w3yXCmi1cXm2HRWAsBswOE2cVKjX8DqjPndwTUk587UYbPVx1EWPEchnkaxKazQwbNNRF3h7J7wa9IXSCrAjvjd07srZllkPBiRjU1v%2Fu23tghkUZY8iPxvNcR7ijmlwoUf9uy4ii31GJs6n8t5T5Nw4fjCkhJNj4pCwTfOlwiwlOewv35%2FT0uo50bXbL1frbhavQKK7ID3rLKNe7%2F9uBcjb58otbITzYHxXX8vqW1tDuBaO%2FmAHvuWaOZIl43dxdk6Q2NfUdNhkzBSI2QbditAS%2Bo9DPZ%7Ctkp%3ABk9SR973lMG1ZQ";;
;;
"Rel√≥gio de diamante VVS Moissanite AP,""R$ 3¬†978,53"",https://www.ebay.com/itm/156765588896?_skw=relogio&hash=item247ff50da0:g:e5cAAOSw-zNnyKbp&itmprp=enc%3AAQAKAAAA4FkggFvd1GGDu0w3yXCmi1daMJQLGyMM1A2lG%2F6qda0kXQzdh6k9Fh2iPEKtbxdf9CYwKfI5gcFsLJoBWVs5gpT32TSZQqWjOxy%2BePMaX1joWvg%2FblElbXmuft4ZPdEfQnLaiMdmJcC5VQmM6lqkop--ragnruVsyG3NcViC9t2Dkpgsp3F7I7Le95adoLIXXLcQakaNn4csd3iUlPFXiI90Ij5TSNz2hHNDv4c1ZPj8Jou%2BPVGkiWyPbRu7gxh%2FWLVMqohVkDWBrzJgVo3Nx0%2Be8leq2aDjF9qJPaY5P3oJ%7Ctkp%3ABk9SR973lMG1ZQ";;
;;
"Ruzza Watch Orologio Bianco quadrante argento Limited Edition ORIGINALE,""R$ 6,21"",https://www.ebay.com/itm/116524929046?_skw=relogio&hash=item1b216d5016:g:UA0AAOSwmJpnETze&itmprp=enc%3AAQAKAAAAwFkggFvd1GGDu0w3yXCmi1d1Uso79Mb4VGYq6fYMTPQo%2FteWMET%2BedTdV7isdty7fOcLlc1G1gP9wI6falxfYDQLNpJ6vL0TuxszBIc9YokTW%2FXOpiI1BiQG7Vt6E9HjFZSNB7yq4ItNNi2fhXCN0vAnG581QXXa0ky4pMr7CQzrFiRnjem3yhjZBfSbI7jiq0%2FRdHqAKVYZjZo%2FFxjIET8XfmBR5YpFmGjqXUfCibFTJQiEuu2%2FUHYpTSVb23idjw%3D%3D%7Ctkp%3ABk9SR973lMG1ZQ";;
;;
"Rel√≥gio de m√£o tipo Oakley masculino 43 mm design de l√¢mina de serra mostrador branco vibrante quartzo,""R$ 426,28"",https://www.ebay.com/itm/356664807254?_skw=relogio&hash=item530ae10f56:g:dwIAAOSw4Nhn01zY&itmprp=enc%3AAQAKAAAA4FkggFvd1GGDu0w3yXCmi1dpHvNP6%2FfXSm7tduVJMTWhiKpivE%2B%2BuUt50FsS3bIUekq8A48JDCNZjdsRRqHdYSVIecnGKFYxxlKw9EGHbsKw0%2Fr3AAtPR26MVnzTZ%2Frn6%2FQnMgxGe2y70PY3%2BqzRkieniOzoscdPMDzHmGQaSsjGTIkXZ8ZYqnURXBIoPurSWG14aFwhg7eV2VqUxnX%2BV17X2%2BVDPXj0lizmbo56s2QPFYPUP9wqiTtQ806dUO%2F%2BJKDLK8QBzlj45q5Qt57zJxgGC9XrLBfSFJj--necSmne%7Ctkp%3ABk9SR973lMG1ZQ";;
;;
"Vintage Longine 280 Rel√≥gio de Joalheiros Recheado a Ouro 10K Ganho √† M√£o 17,""R$ 5,68"",https://www.ebay.com/itm/187058661001?_skw=relogio&hash=item2b8d90a689:g:dbcAAeSwvgdn2eLj&itmprp=enc%3AAQAKAAAA4FkggFvd1GGDu0w3yXCmi1fu9J0ysnc386QLrgDq6YApM98tIwdDU%2BDX6DBvT%2FrFXxGT6YmEe3spJY3JL39aJhlYIUzKAEHU06is11%2F26VPEa36ixrO9zo7WhtmGZUP%2Ft2vr8WyJkDIqETiNb2Q44pCUShtPdwNnIPNgtyGBaKH%2B9XUokinl3ZH1pehGuc1P3nve1pKKfYfLG1YxjOhW9FM%2BC44Rowj5Aekt90CbeeRNQEAHJJDsmHLS2YxnMZV9kLEkXadMkQd0N5AoNFz3bL%2FFwM3C%2BX3o9rZcwxvKNpmz%7Ctkp%3ABk9SR973lMG1ZQ";;
;;
"Rel√≥gio masculino Casio G-Shock DW5600E-1V digital multifuncional resina preta,""R$ 221,66"",https://www.ebay.com/itm/176900009610?_skw=relogio&epid=24045893680&hash=item29300fee8a:g:xcMAAeSw7w9nyghl&itmprp=enc%3AAQAKAAAA4FkggFvd1GGDu0w3yXCmi1ePJG%2F2ugZl46m9HLptWt8znb6Qs3ip%2FSJAr8Ub8%2BB%2FibCVgK9Qa7wNGCqRrGan1wv%2BScb%2Ft2LUpuuw3HPR7HwQD5rtCtsYPudYo%2F%2BBT3ZTvxzFvqWOMl03dXZ%2Bi43dhI79raS6F3mVCPuHfT3jH9fMz%2BrD0fvSNDByMPBBPII5ajLvSowtphFg%2F8dP91iP8m%2BcGSqRjkvxbuTs6rJ6zviQ8Hn2N7BW3iZBihwWXV9M0Hb7Cd7DalhT0kBCN9stlVUdksYNRHEasnFa9kDmoBnF%7Ctkp%3ABk9SR-D3lMG1ZQ";;
;;
"Rel√≥gio de couro vintage estilo tanque,""R$ 147,72"",https://www.ebay.com/itm/135486380561?_skw=relogio&hash=item1f8b9e1a11:g:amcAAOSwEPBnfJeZ&itmprp=enc%3AAQAKAAAAwFkggFvd1GGDu0w3yXCmi1fzCRXbbVgRc0eXNEs594Ce55yhN3FwLrNT%2BTA8B%2Fj8iBfjLhtJJpiENk%2FR5Y8NITdFAY69bRnRXv12DjXmDZrCMYPMT%2BnoQgmckoH3piiQV9OuvlkLll%2FhUxfzmQctWFjWMRN%2BkWjidGEAnruLKXYVL%2BvfbEPrN5moezGbIZ6WoGZ1sVnBtD64NX9gvvCT%2FJtGntUYMRMV6XN3R7p9LLI4EpiRHZscFZsput8YrPvLhw%3D%3D%7Ctkp%3ABk9SR-D3lMG1ZQ";;
;;
"Rel√≥gio masculino usado Moeris Incabloc corda manual fabricado na Su√≠√ßa.,""R$ 284,19"",https://www.ebay.com/itm/226625830517?_skw=relogio&hash=item34c3f3be75:g:zM4AAOSwaulnxDQG&itmprp=enc%3AAQAKAAAAwFkggFvd1GGDu0w3yXCmi1evIYk40SAB%2FVHFxEB%2FToR%2FvTYLwwQyK7%2FkA%2FWYykDz2Y9GAEw4PFS%2Fy3XjxxVLh9qSc%2FH0KfW68Hqz30ULu6SpSnkOQo7we65rGkTwvN60sFsTDiiHBHlpoMEQpLefk4KTfGNn1memK12oM5CTU5K2WRvyeY%2Fh5zqD0PsMd39D4cgIhqGy4Rmyzeeft9Rah89sjIOP9pPwYlYKqqtVTFoEEjUdlYzCX5sLuRQw9VdFww%3D%3D%7Ctkp%3ABk9SR-D3lMG1ZQ";;
;;
"Rel√≥gio de pulso masculino 40mm S Mod movimento autom√°tico fabricado na Su√≠√ßa presente para ele,""R$ 1¬†150,84"",https://www.ebay.com/itm/375955057272?_skw=relogio&hash=item5788aaea78:g:OhIAAOSw8zpnmD-h&itmprp=enc%3AAQAKAAAA4FkggFvd1GGDu0w3yXCmi1efqe1tOUMZV1jdvOjLRYM1Eu66mOjSMcf2Ym9jjJuRtzCL3N5YnPZZF57EEwpp48zCVE4BbdKO9xHWOh6cxsRbIj94Mbog41coxNO9kVGG6q9p81oEiwOtil8PlwSlBoCTSwOa6cRVbvZF4B18KpfsWd3876lOtSbv3VNiEzVNYGZRsw2vq5Qo6DvPj5S%2BGAmR5KN5R750aQKqxCGfI%2Fqb0eciQRGGG1y8ARspxR7%2F3dJhPDAjfpUXQrfDw3z2jdxElK8Ts4WrLvk8yHr6yf0L%7Ctkp%3ABk9SR-D3lMG1ZQ";;
;;
"Novo Rel√≥gio Masculino Formula Scuderia Ferrari 44mm Cron√≥grafo Silicone Rel√≥gio de Pulso,""R$ 204,56"",https://www.ebay.com/itm/176916349153?_skw=relogio&hash=item29310940e1:g:UecAAOSwYONn0Xy4&itmprp=enc%3AAQAKAAAA4FkggFvd1GGDu0w3yXCmi1fTtgHBXOU5MH8g3EpDI0QEAfXZNINdH8oCJLeqprLhch3zSmOWktporHwvAN2XYKbsKKBwonRp312H5oB2HErsBLPXck4EbIWUJK8vc9Ak%2Fj5sxgnVj0GlS93uXv%2BWZJUW4fDRf%2F31SnhYzlT3Xpj8HxVWT%2B8Eb7TYZKudd9qiL3xrMFEedbN4Q4RdNI3EDOHu1A3mqbpUc2DV5g6JNQ%2Bc5lNfrWJ8UiK5tra%2FUbMCsOPQjiw9CnN8PfNLt3nS68aKVnZ62PfWZir5X7InvOd1%7Ctkp%3ABk9SR-D3lMG1ZQ";;
;;
"Rel√≥gio de quartzo masculino movimento de quartzo silicone vidro refor√ßado com minerais,""R$ 49,28"",https://www.ebay.com/itm/316449502291?_skw=relogio&hash=item49addc3453:g:e9wAAOSw1LpnyQrn&itmprp=enc%3AAQAKAAAA4FkggFvd1GGDu0w3yXCmi1dKgFcKzB6jY%2Bh%2BE76gv0V%2FA0FWtR5qhVGFNyILdvICCmKdLsj1%2FhgTdqilFK2Rv8EgpM5HX%2FpDzOTGzeXvQirHLXQxD5SWVkQpVMkasKHhVlaM%2FHsVSh7n3ZGQtVJRfuIVtqZqPbXDebE0aseRkkImylsYnDUbntbGEdU1GOidglyNIeNso5A6fCKmw%2BwYTbl%2FtEm5WhP55%2FtZ3QahK1qBdxddcbPhnvJSsNzsD7xnHFEMm7Ufo8CZvLbrLT9%2BaFb0jxUGAANKIhyDcTfTO%2BUR%7Ctkp%3ABk9SR-D3lMG1ZQ";;
;;
"Rel√≥gio masculino way101c.ba0746 Aquaracer quartzo, 43 mm, a√ßo, azul raio de sol NOVO EM FOLHA,""R$ 3¬†972,91"",https://www.ebay.com/itm/196880062058?_skw=relogio&hash=item2dd6f7566a:g:YYkAAOSwdCVnVJaX&itmprp=enc%3AAQAKAAAAwFkggFvd1GGDu0w3yXCmi1fc9GfePOAbcmyCkvS4OSpPPyp412EswvjkbGQypLwQLRo%2FgyWZ1AfO3XV7zjl83Yb%2FBGgwJYiK77v%2FaXyMtFuQ%2Bm%2B6lcVJwHp1rzxvSrouatHFvVOiFCSJK0wDhH96TSwDRKMgbHrzzLfrVSeVYnLDz0knl8u%2FarTQRHnCvi8iI3pGzeoPW3HSjNsvT9gpoD6e%2FtSDAGrYKZ6cz8tdYKMdYWR%2FchkpL0AK5eT4teWxXg%3D%3D%7Ctkp%3ABk9SR-D3lMG1ZQ";;
;;
"MOD PERSONALIZADO (GRAND SEIKO ELEGANCE GMT) TODAS AS CORES MOSTRADOR PULSEIRA DE COURO NH34 NOVO,""R$ 2¬†131,39"",https://www.ebay.com/itm/375986832187?_skw=relogio&hash=item578a8fc33b:g:LzMAAOSwYfRnqomg&itmprp=enc%3AAQAKAAAA4FkggFvd1GGDu0w3yXCmi1eknYL5a6Yf1wCsnH6sM8E%2F0YjivfT%2FseJcZpwjp5unD0ElDMD3NV6qPbjavU64pYAx5xc98y7NGHf%2FaE8RCWBlpv64J0qX%2FxHdxNqHE4OwXScGmk3crSEsqqBWY8aMEX8w9MniC8PM74d5ltZtOGjNADUUq1GDcpAQYsxp5nZ3oE148cyGbU2X%2B6r%2FTNUGwSBZUhnQEqTZr2%2BnkokJheTBAV%2BrRrz7TedIi6dvMbfOTBhK5D%2BFMHIOUm6q4vzGbVlaHF4zHPuuIlIr%2FZe42fCd%7Ctkp%3ABk9SR-D3lMG1ZQ";;
;;
"Rel√≥gio cron√≥grafo Citizen masculino Eco-Drive AT8110-11A - mostrador azul prata, moderno,""R$ 297,09"",https://www.ebay.com/itm/405446222247?_skw=relogio&hash=item5e667a61a7:g:UtUAAOSwS9JncSFF&itmprp=enc%3AAQAKAAAAwFkggFvd1GGDu0w3yXCmi1cmG3A4DbJEn9A%2BUzFGBQVJ%2BXSG7qGehLw9a4W%2F3ZrneNf1FOP8HmYtSvDnOdLIkXE4w2iYwiAB9POoahKf0e74AKSiPSZ%2BMZfqHjw638E6Ew9h3g1%2FdTnE34%2BwepOKx3x%2FmyLW2dRUseH38XJW257uAc9X0Ze4MJMxrPS%2Fst0k4halis4Y8XgNeSQm4fNZO1OaBV1jR47BzrLF08H4zYH1gZ75rwJpF9huI86Yt8sRHQ%3D%3D%7Ctkp%3ABk9SR-D3lMG1ZQ";;
;;
"Rel√≥gio de pulso masculino FOSSIL Machine cron√≥grafo FS4656 cron√≥grafo pulseira de couro,""R$ 562,69"",https://www.ebay.com/itm/205226287179?_skw=relogio&epid=219458850&hash=item2fc870a04b:g:wcAAAOSwfVdniBos&itmprp=enc%3AAQAKAAAAwFkggFvd1GGDu0w3yXCmi1eSBwMIbfOgtrwpNnUdEKQzqmb9XWjRvv8XQr%2Fe2afDAHKwMPd0RmiTMzJPvMkZnbv8I2e3Vj6HajxqwCQQnNy4NCcshDDFN5s0povp3W4%2FjdkzJwzKkrSd%2FAp7kKcgNjyYMXg9asRRo8CdoevRB7blMfBbXkWWNGXUZcpJkwHf6%2Bs9gaYxFKWXeszjOOIah9Z2IDA9A0gpIuUF6xVrKo6s1RkRhs7ZsBWB1mxLmkVuyA%3D%3D%7Ctkp%3ABk9SR-D3lMG1ZQ";;
;;
"Seiko 5 Five Sports SSK001 GMT rel√≥gio autom√°tico 100 metros mostrador preto feito no Jap√£o,""R$ 1¬†582,91"",https://www.ebay.com/itm/197094391096?_skw=relogio&epid=24054586205&hash=item2de3bdbd38:g:CHkAAOSwhudmmAfn&itmprp=enc%3AAQAKAAAA4FkggFvd1GGDu0w3yXCmi1cV2MVPbuQfhRVlvobdzVzk83MAMLSwpq%2FfDEQ3bHChJPAmfbMqW7LTsgVj0ILfrSrgWH02J%2BR6TQY6bbv%2FUFV6pvdTefwN1zguZb%2Bw8A%2FMVoG6WEdnCQvQq9RsmjIREF7eff%2BXJFsoMRo0sk8R5yqOxyIuHLZor22XZRGK%2BXAzjKX6kmQDoZHnolhoWYKfpoU43jhL3iX4FDuGp008x1wyZqJvzPPN%2BBpF1EzepbzwnafOXOmyYcho7ADqwh%2BEOFN3brK7FEGbHzLOz0RL%2FCZV%7Ctkp%3ABk9SR-D3lMG1ZQ";;
;;
"NOVO REL√ìGIO MASCULINO ESPORTIVO ALARME DIGITAL CASIO F91 F91W-1,""R$ 103,73"",https://www.ebay.com/itm/196767739727?_skw=relogio&epid=1112325313&hash=item2dd0456f4f:g:w8MAAOSw6IxnI-EK&itmprp=enc%3AAQAKAAAAwFkggFvd1GGDu0w3yXCmi1fprLGcGLRrJufcLUBc0EZQKl4gNIGTuF%2B0uTTidwVvQPzqfxeImFiLfE1XK1NvI9JNg4BT%2FJaRhCMFWP7bII9BuRK6uyJ4AzReoKgHvG1OLkFABrNlhpmMjH1lglCpVuT0Xfx%2FAQhMnC3IGzxCc6tbBM3Xe3gioC2IB3HF3xK3q1yoD%2BALBa2lyEeTimlh1cN7KGijOajEULgQVBD%2BmXDKMCN9QYgNZANyfNCJX4k4mw%3D%3D%7Ctkp%3ABk9SR-D3lMG1ZQ";;
;;
"Projects Watches Reveal rel√≥gio preto 40mm pulseira de couro preta - NOVO,""R$ 454,01"",https://www.ebay.com/itm/126975137880?_skw=relogio&hash=item1d904ed858:g:qdYAAOSw6jlnx02v&itmprp=enc%3AAQAKAAAAwFkggFvd1GGDu0w3yXCmi1crl2SqUbcJ%2FZdVvL3zRlPp8G36YOJEk0xGdELm4f3MKVLByXi9bYvqYYYTqVvkit9nSYpdM8JJSxn%2FhkfgplGcxgyuohIWZK1a%2BUky%2Bj0ke2tBbR17EAl7DvqEkMSh4DknSaxEbV3NrCc0ReKPVr3em57GTqt6rr2bOmkuJcSQ0Umb8kMON5kja8xYvkXcy01esdDYON0GmaoUIYG2psL3cuBoAMqJDaeyssPOBNUBDw%3D%3D%7Ctkp%3ABk9SR-D3lMG1ZQ";;
;;
"REL√ìGIO SU√ç√áO MASCULINO VINTAGE TITUS CORDA MANUAL MOLDURA GIRAT√ìRIA MOSTRADOR PRETO a196-U,""R$ 5,63"",https://www.ebay.com/itm/226653327125?_skw=relogio&hash=item34c5974f15:g:WLwAAOSwxT9n0Amz&itmprp=enc%3AAQAKAAAAwFkggFvd1GGDu0w3yXCmi1enT87fHGba%2B2vO9dyOoQm%2B3HK%2B1py3QspoaZinFu38Zm6XqTC%2BxZQ8dJ1QzSCicvMnY6WCKzUQnsBllqSAtQW9E6VoZT3iTq3OX9jrMtorGri71cvikGFp%2BogMgUUPxrxjSD7FxtUVwIjuCjmMUHzOjLAj8uFicnJDoI4tXQZ6BeKAg7BPJV3PugmPwMS0XqyTGNtq9%2BA0%2F6E%2B5HAOfv%2FmBF%2FfvvRh1qBesNQIQqSnlA%3D%3D%7Ctkp%3ABk9SR-D3lMG1ZQ";;
;;
"Seiko 6309-7049 rel√≥gio masculino tartaruga Wabi Sabi para reparo de pe√ßas projeto de restaura√ß√£o,""R$ 426,28"",https://www.ebay.com/itm/276953580299?_skw=relogio&hash=item407bb8430b:g:ujoAAOSwcW5nyn1c&itmprp=enc%3AAQAKAAAAwFkggFvd1GGDu0w3yXCmi1f3tKe7tewXLxiJXuXLWGeFOX5doETWYRGfbQEH2swL38ASBU2wYMpil8DYrYEzXxkGtInMpmvmm1gNCoj4zt4j1myXg4%2BP2%2FUZKswefMSpTWER%2Fqp65%2BZsMlpbPLqcoMmEu0PgYcCNSPV6I97b62LEQOU9s4nOs0oaSjJS2V7VmfcudVTEysKJzYsp%2FCDwWpCiogTec129S7zY9hMh1iPxE5i7v2W2e%2B2X%2Bl53t8wAIg%3D%3D%7Ctkp%3ABk9SR-D3lMG1ZQ";;
;;
"Rel√≥gio de pulso masculino de luxo de a√ßo inoxid√°vel ‚Äì pulseira estilo empresarial,""R$ 71,52"",https://www.ebay.com/itm/395909181220?_skw=relogio&hash=item5c2e06af24:g:3BsAAOSwTBFnN8BK&itmprp=enc%3AAQAKAAAAwFkggFvd1GGDu0w3yXCmi1c6mqRMlnatz3YHBhnFMpeqjOvFJtDKKpE7pev%2FmAECZrZKj9e1%2BHaHCUB6fFTCXVnb1FBJml%2FnarnKJ743akOEjLVGOT%2BdsTi7r4dfARAd3jlQEkQMmiIsZLG8HIRYnnBwdm9s%2Bmtlys3Ap1mxw9AD97gTxMFS3%2FSSjYdcJgXV6dXAQsPe0WvL4qL1jjuBd02nLHwnwtlZXWoPhCu3Wbfry9leyE1yx17Jrc0ZQ0PTaQ%3D%3D%7Ctkp%3ABk9SR-D3lMG1ZQ";;
;;
"Rel√≥gio preto masculino TAG Heuer Formula 1 - WAZ1112,""R$ 1¬†705,11"",https://www.ebay.com/itm/316516836734?_skw=relogio&epid=19057679096&hash=item49b1dfa57e:g:jIUAAeSw-JRn2hBN&itmprp=enc%3AAQAKAAAA4FkggFvd1GGDu0w3yXCmi1cUnLf9XSvnQQcS%2F46aIW8C9mrJCdNbab7v6RetWTw3P%2BxvPkRB7lKPomjfTi5M1wFrzFp1x1z9qWYeg9pg8nzp45GvJAk%2FBNgNOIK2%2BtJa5LGKhFuFObn7OMSDDrpIq%2FdlOxj1Mtt7MZ3ybtm229nAI233eeyl1iEuaXYY0z1UAf36bzEKgQl43DY29CdENjaMWchbRd1zSA45U8vMoJ2mK5LHUM9qEnvn007eAVfPPXdCrb%2FSd8Ab5YylFRribhd8oBBCGZQNsCiI2e7Ckgig%7Ctkp%3ABFBM4PeUwbVl";;
;;
"TUDOR Prince Oyster Date 72033 aciaio e oro by Rolex,""R$ 6¬†083,58"",https://www.ebay.com/itm/335866865951?_skw=relogio&hash=item4e3339a91f:g:DbwAAOSww~Vn00QO&itmprp=enc%3AAQAKAAAA4FkggFvd1GGDu0w3yXCmi1esGGGoLtUqB8AI2Pgn2isM7qgDiUf%2FrlS5fGVqMhc0udlcfsxcqN9nB2AMZR%2FmZOlv%2B9vToB1oEyzwQgCANpcFa0t5c03ULVldmO6J5vG09ZTInO4Z%2BByUVXkqDSzUmtEuA4oD1%2FapoUDFGQ4OyNaoDkzUFNpDnza2dl9fsV5hs35CEVp%2FeEnwUL3CHAiBzdPvfHHidkys703RHHXtmggiQ7aqsBmshm57MQ0CC5R%2BeGKk2LPCaUe6NaJyz0xYgi6GRTJhn0eQUa4FJDMc%2Fofh%7Ctkp%3ABFBM4PeUwbVl";;
